{
  "text-only": {
    "accuracy": 0.3890909090909091,
    "macro_f1": 0.35412047811830605,
    "weighted_f1": 0.38392574240423155,
    "per_class": {
      "anger": {
        "precision": 0.38388625592417064,
        "recall": 0.4764705882352941,
        "f1": 0.4251968503937008,
        "support": 170
      },
      "happy": {
        "precision": 0.0,
        "recall": 0.0,
        "f1": 0.0,
        "support": 0
      },
      "sadness": {
        "precision": 0.3563218390804598,
        "recall": 0.5183946488294314,
        "f1": 0.4223433242506812,
        "support": 299
      },
      "neutral": {
        "precision": 0.24242424242424243,
        "recall": 0.8,
        "f1": 0.37209302325581395,
        "support": 10
      },
      "excited": {
        "precision": 0.49557522123893805,
        "recall": 0.29396325459317585,
        "f1": 0.36902800658978585,
        "support": 381
      },
      "frustration": {
        "precision": 0.2222222222222222,
        "recall": 0.32167832167832167,
        "f1": 0.26285714285714284,
        "support": 143
      },
      "disgust": {
        "precision": 0.403470715835141,
        "recall": 0.484375,
        "f1": 0.44023668639053254,
        "support": 384
      },
      "fear": {
        "precision": 0.7611940298507462,
        "recall": 0.20816326530612245,
        "f1": 0.3269230769230769,
        "support": 245
      },
      "surprise": {
        "precision": 0.3,
        "recall": 0.16666666666666666,
        "f1": 0.21428571428571427,
        "support": 18
      }
    },
    "confusion_matrix": [
      [
        81,
        0,
        29,
        2,
        19,
        12,
        26,
        0,
        1
      ],
      [
        0,
        0,
        0,
        0,
        0,
        0,
        0,
        0,
        0
      ],
      [
        22,
        0,
        155,
        8,
        10,
        40,
        62,
        0,
        2
      ],
      [
        0,
        0,
        1,
        8,
        0,
        0,
        1,
        0,
        0
      ],
      [
        70,
        0,
        53,
        4,
        112,
        22,
        111,
        9,
        0
      ],
      [
        5,
        0,
        65,
        0,
        4,
        46,
        19,
        3,
        1
      ],
      [
        21,
        0,
        77,
        7,
        41,
        47,
        186,
        4,
        1
      ],
      [
        10,
        0,
        51,
        4,
        40,
        38,
        49,
        51,
        2
      ],
      [
        2,
        0,
        4,
        0,
        0,
        2,
        7,
        0,
        3
      ]
    ]
  }
}