{
  "text-only": {
    "accuracy": 0.3890909090909091,
    "macro_f1": 0.35412047811830605,
    "weighted_f1": 0.38392574240423155,
    "per_class": {
      "anger": {
        "precision": 0.38388625592417064,
        "recall": 0.4764705882352941,
        "f1": 0.4251968503937008,
        "support": 170
      },
      "happy": {
        "precision": 0.0,
        "recall": 0.0,
        "f1": 0.0,
        "support": 0
      },
      "sadness": {
        "precision": 0.3563218390804598,
        "recall": 0.5183946488294314,
        "f1": 0.4223433242506812,
        "support": 299
      },
      "neutral": {
        "precision": 0.24242424242424243,
        "recall": 0.8,
        "f1": 0.37209302325581395,
        "support": 10
      },
      "excited": {
        "precision": 0.49557522123893805,
        "recall": 0.29396325459317585,
        "f1": 0.36902800658978585,
        "support": 381
      },
      "frustration": {
        "precision": 0.2222222222222222,
        "recall": 0.32167832167832167,
        "f1": 0.26285714285714284,
        "support": 143
      },
      "disgust": {
        "precision": 0.403470715835141,
        "recall": 0.484375,
        "f1": 0.44023668639053254,
        "support": 384
      },
      "fear": {
        "precision": 0.7611940298507462,
        "recall": 0.20816326530612245,
        "f1": 0.3269230769230769,
        "support": 245
      },
      "surprise": {
        "precision": 0.3,
        "recall": 0.16666666666666666,
        "f1": 0.21428571428571427,
        "support": 18
      }
    },
    "confusion_matrix": [
      [
        81,
        0,
        29,
        2,
        19,
        12,
        26,
        0,
        1
      ],
      [
        0,
        0,
        0,
        0,
        0,
        0,
        0,
        0,
        0
      ],
      [
        22,
        0,
        155,
        8,
        10,
        40,
        62,
        0,
        2
      ],
      [
        0,
        0,
        1,
        8,
        0,
        0,
        1,
        0,
        0
      ],
      [
        70,
        0,
        53,
        4,
        112,
        22,
        111,
        9,
        0
      ],
      [
        5,
        0,
        65,
        0,
        4,
        46,
        19,
        3,
        1
      ],
      [
        21,
        0,
        77,
        7,
        41,
        47,
        186,
        4,
        1
      ],
      [
        10,
        0,
        51,
        4,
        40,
        38,
        49,
        51,
        2
      ],
      [
        2,
        0,
        4,
        0,
        0,
        2,
        7,
        0,
        3
      ]
    ]
  },
  "audio-only": {
    "accuracy": 0.3933333333333333,
    "macro_f1": 0.2599181424479833,
    "weighted_f1": 0.3835685446442741,
    "per_class": {
      "anger": {
        "precision": 0.40096618357487923,
        "recall": 0.48823529411764705,
        "f1": 0.4403183023872679,
        "support": 170
      },
      "happy": {
        "precision": 0.0,
        "recall": 0.0,
        "f1": 0.0,
        "support": 0
      },
      "sadness": {
        "precision": 0.3441295546558704,
        "recall": 0.2842809364548495,
        "f1": 0.31135531135531136,
        "support": 299
      },
      "neutral": {
        "precision": 0.0,
        "recall": 0.0,
        "f1": 0.0,
        "support": 10
      },
      "excited": {
        "precision": 0.35560344827586204,
        "recall": 0.4330708661417323,
        "f1": 0.3905325443786982,
        "support": 381
      },
      "frustration": {
        "precision": 0.1282051282051282,
        "recall": 0.03496503496503497,
        "f1": 0.054945054945054944,
        "support": 143
      },
      "disgust": {
        "precision": 0.4423076923076923,
        "recall": 0.4791666666666667,
        "f1": 0.46,
        "support": 384
      },
      "fear": {
        "precision": 0.5570776255707762,
        "recall": 0.49795918367346936,
        "f1": 0.5258620689655172,
        "support": 245
      },
      "surprise": {
        "precision": 0.10869565217391304,
        "recall": 0.2777777777777778,
        "f1": 0.15625,
        "support": 18
      }
    },
    "confusion_matrix": [
      [
        83,
        1,
        24,
        0,
        47,
        0,
        12,
        1,
        2
      ],
      [
        0,
        0,
        0,
        0,
        0,
        0,
        0,
        0,
        0
      ],
      [
        50,
        0,
        85,
        5,
        90,
        7,
        46,
        7,
        9
      ],
      [
        0,
        0,
        1,
        0,
        4,
        1,
        3,
        0,
        1
      ],
      [
        55,
        0,
        58,
        2,
        165,
        7,
        66,
        20,
        8
      ],
      [
        8,
        0,
        26,
        0,
        31,
        5,
        47,
        23,
        3
      ],
      [
        6,
        0,
        37,
        3,
        86,
        16,
        184,
        44,
        8
      ],
      [
        4,
        0,
        14,
        1,
        35,
        2,
        57,
        122,
        10
      ],
      [
        1,
        0,
        2,
        0,
        6,
        1,
        1,
        2,
        5
      ]
    ]
  },
  "video-only": {
    "accuracy": 0.25696969696969696,
    "macro_f1": 0.1127910628659966,
    "weighted_f1": 0.18597959055445998,
    "per_class": {
      "anger": {
        "precision": 0.0,
        "recall": 0.0,
        "f1": 0.0,
        "support": 170
      },
      "happy": {
        "precision": 0.0,
        "recall": 0.0,
        "f1": 0.0,
        "support": 0
      },
      "sadness": {
        "precision": 0.0,
        "recall": 0.0,
        "f1": 0.0,
        "support": 299
      },
      "neutral": {
        "precision": 0.0,
        "recall": 0.0,
        "f1": 0.0,
        "support": 10
      },
      "excited": {
        "precision": 0.28669950738916256,
        "recall": 0.7637795275590551,
        "f1": 0.4169054441260745,
        "support": 381
      },
      "frustration": {
        "precision": 0.0,
        "recall": 0.0,
        "f1": 0.0,
        "support": 143
      },
      "disgust": {
        "precision": 0.18585858585858586,
        "recall": 0.23958333333333334,
        "f1": 0.20932878270762229,
        "support": 384
      },
      "fear": {
        "precision": 0.7884615384615384,
        "recall": 0.1673469387755102,
        "f1": 0.2760942760942761,
        "support": 245
      },
      "surprise": {
        "precision": 0.0,
        "recall": 0.0,
        "f1": 0.0,
        "support": 18
      }
    },
    "confusion_matrix": [
      [
        0,
        0,
        3,
        0,
        88,
        0,
        79,
        0,
        0
      ],
      [
        0,
        0,
        0,
        0,
        0,
        0,
        0,
        0,
        0
      ],
      [
        0,
        0,
        0,
        0,
        176,
        0,
        123,
        0,
        0
      ],
      [
        0,
        0,
        0,
        0,
        2,
        0,
        8,
        0,
        0
      ],
      [
        0,
        0,
        13,
        0,
        291,
        0,
        77,
        0,
        0
      ],
      [
        0,
        0,
        5,
        0,
        87,
        0,
        51,
        0,
        0
      ],
      [
        0,
        0,
        38,
        0,
        243,
        0,
        92,
        11,
        0
      ],
      [
        0,
        0,
        0,
        0,
        121,
        0,
        55,
        41,
        28
      ],
      [
        0,
        0,
        1,
        0,
        7,
        0,
        10,
        0,
        0
      ]
    ]
  },
  "text+audio+video": {
    "accuracy": 0.4509090909090909,
    "macro_f1": 0.3484657859210373,
    "weighted_f1": 0.4354947130281574,
    "per_class": {
      "anger": {
        "precision": 0.4675925925925926,
        "recall": 0.5941176470588235,